Description,Category,Price
local local online local online annual premium monthly local local online premium premium local Water Bill,Bill Payments,14.93
premium monthly premium online premium annual Electricity Bill,Bill Payments,259.41
annual monthly online monthly annual annual local premium monthly premium online premium annual Electricity Bill,Bill Payments,358.3
monthly monthly Internet Bill,Bill Payments,236.79
monthly annual annual monthly online local online annual premium premium annual annual Phone Bill,Bill Payments,345.66
local online annual premium premium annual annual Phone Bill,Bill Payments,354.54
online premium premium local Water Bill,Bill Payments,198.26
premium monthly monthly Internet Bill,Bill Payments,398.63
online local premium monthly monthly Internet Bill,Bill Payments,50.08
monthly online annual premium annual monthly premium annual monthly online monthly annual annual local premium monthly premium online premium annual Electricity Bill,Bill Payments,420.72
premium premium local Water Bill,Bill Payments,194.02
premium online online local premium monthly monthly Internet Bill,Bill Payments,241.94
premium monthly monthly Internet Bill,Bill Payments,287.23
premium monthly local local online premium premium local Water Bill,Bill Payments,473.64
premium online online local premium monthly monthly Internet Bill,Bill Payments,384.78
online local premium monthly monthly Internet Bill,Bill Payments,483.41
local Water Bill,Bill Payments,298.85
monthly Internet Bill,Bill Payments,382.78
local monthly annual monthly local monthly online monthly local local local Concert,Entertainment,371.98
premium local annual online annual monthly Movie,Entertainment,396.26
premium monthly premium premium local annual online annual monthly Movie,Entertainment,27.08
local monthly Amusement Park,Entertainment,418.32
local premium monthly online local online monthly monthly Music Festival,Entertainment,158.05
online local online monthly monthly Music Festival,Entertainment,262.09
monthly online monthly local local local Concert,Entertainment,340.62
annual monthly monthly premium online local monthly Amusement Park,Entertainment,392.33
local online annual monthly monthly premium online local monthly Amusement Park,Entertainment,340.6
online premium local premium monthly premium premium local annual online annual monthly Movie,Entertainment,252.46
monthly online monthly local local local Concert,Entertainment,291.76
premium annual local local online annual monthly monthly premium online local monthly Amusement Park,Entertainment,263.98
premium online local monthly Amusement Park,Entertainment,281.84
annual monthly local monthly online monthly local local local Concert,Entertainment,174.09
premium annual local local online annual monthly monthly premium online local monthly Amusement Park,Entertainment,204.39
annual local local online annual monthly monthly premium online local monthly Amusement Park,Entertainment,484.58
local Concert,Entertainment,27.25
Amusement Park,Entertainment,98.26
premium premium premium premium premium premium premium online monthly annual online monthly annual annual monthly Restaurant,Food & Restaurants,345.86
local annual premium premium Bakery,Food & Restaurants,229.65
online annual online online local annual premium premium Bakery,Food & Restaurants,90.26
annual online annual annual Takeout,Food & Restaurants,12.36
premium annual annual monthly local annual monthly premium premium online Cafe,Food & Restaurants,277.98
monthly premium premium online Cafe,Food & Restaurants,175.19
monthly annual online monthly annual annual monthly Restaurant,Food & Restaurants,366.33
annual premium annual local annual online annual annual Takeout,Food & Restaurants,87.27
annual annual premium annual local annual online annual annual Takeout,Food & Restaurants,484.12
premium annual local premium premium online annual online online local annual premium premium Bakery,Food & Restaurants,484.3
online monthly annual annual monthly Restaurant,Food & Restaurants,475.63
premium online annual annual premium annual local annual online annual annual Takeout,Food & Restaurants,307.44
annual local annual online annual annual Takeout,Food & Restaurants,360.59
premium premium online monthly annual online monthly annual annual monthly Restaurant,Food & Restaurants,405.67
premium online annual annual premium annual local annual online annual annual Takeout,Food & Restaurants,184.34
online annual annual premium annual local annual online annual annual Takeout,Food & Restaurants,383.19
monthly Restaurant,Food & Restaurants,492.87
annual Takeout,Food & Restaurants,188.29
annual online online local monthly annual local premium local local local monthly Bank Transfer,Funds Transfer,435.61
local monthly premium monthly online premium annual Wire Transfer,Funds Transfer,168.75
annual monthly annual local annual online premium Money Transfer,Funds Transfer,426.5
annual online online local monthly annual local premium local local local monthly Bank Transfer,Funds Transfer,135.57
annual online online local monthly annual local premium local local local monthly Bank Transfer,Funds Transfer,195.86
annual local monthly local annual local local monthly premium monthly online premium annual Wire Transfer,Funds Transfer,419.12
local premium local local local monthly Bank Transfer,Funds Transfer,77.06
annual monthly monthly monthly premium local monthly annual local premium premium annual monthly annual local annual online premium Money Transfer,Funds Transfer,115.14
monthly annual local premium local local local monthly Bank Transfer,Funds Transfer,370.85
online annual online online local monthly annual local premium local local local monthly Bank Transfer,Funds Transfer,65.63
annual local annual online premium Money Transfer,Funds Transfer,156.91
premium monthly online premium annual Wire Transfer,Funds Transfer,301.82
annual annual local monthly local annual local local monthly premium monthly online premium annual Wire Transfer,Funds Transfer,485.71
monthly online premium annual Wire Transfer,Funds Transfer,341.91
local monthly premium monthly online premium annual Wire Transfer,Funds Transfer,478.67
local monthly Bank Transfer,Funds Transfer,330.25
online premium Money Transfer,Funds Transfer,339.82
local monthly annual local premium local local local monthly Bank Transfer,Funds Transfer,91.47
online local annual monthly online monthly local annual annual local Pet Store,General Store,126.43
Pet Store,General Store,62.01
online monthly local annual annual local Pet Store,General Store,306.2
premium premium annual premium online online premium premium premium premium online online premium monthly Convenience Store,General Store,446.65
premium annual premium online online premium premium premium premium online online premium monthly Convenience Store,General Store,146.17
annual premium online online premium premium premium premium online online premium monthly Convenience Store,General Store,44.1
online premium premium premium premium online online premium monthly Convenience Store,General Store,220.71
local annual monthly online monthly local annual annual local Pet Store,General Store,194.03
online online premium monthly Convenience Store,General Store,126.19
Convenience Store,General Store,248.27
premium premium premium premium online online premium monthly Convenience Store,General Store,384.98
annual premium online online premium premium premium premium online online premium monthly Convenience Store,General Store,130.42
annual monthly online monthly local annual annual local Pet Store,General Store,241.15
annual premium online online premium premium premium premium online online premium monthly Convenience Store,General Store,115.54
local online local annual monthly online monthly local annual annual local Pet Store,General Store,468.29
Convenience Store,General Store,412.68
local annual monthly online monthly local annual annual local Pet Store,General Store,322.39
local annual monthly online monthly local annual annual local Pet Store,General Store,55.38
premium premium premium annual monthly annual monthly monthly annual annual annual premium premium annual Grocery Store,Grocery Stores,182.62
local annual annual Supermarket,Grocery Stores,428.04
annual monthly online premium online monthly premium local annual annual Supermarket,Grocery Stores,274.41
Food Store,Grocery Stores,122.44
annual local online online monthly annual online online local annual online Farmers Market,Grocery Stores,297.55
annual online online local annual online Farmers Market,Grocery Stores,187.48
annual premium premium annual Grocery Store,Grocery Stores,25.05
annual annual annual local monthly online annual Food Store,Grocery Stores,73.98
online annual annual annual local monthly online annual Food Store,Grocery Stores,21.57
